x_c,arc_s_m,Re_x,Cp,Ue_ms,Ue_Uinf,theta_mm,H_shape,Cf,Re_theta,Re_theta_trans,n_factor,n_crit,intermittency_gamma,state
0.001152,0.0,0.0,1.04617,0.0001,0.0,1e-05,2.61,16804859.1563012,0.0,,0.0,7.584,0.0,laminar
0.000487,0.003568,11069.0,1.01316,20.0708,0.16195,0.03955,2.0241,0.0395991,20.3,,0.0,7.584,0.0,laminar
0.000114,0.006992,21690.0,0.90808,42.8114,0.34545,0.02492,2.2065,0.0268762,27.17,,0.0,7.584,0.0,laminar
3.2e-05,0.010366,32158.0,0.7343,64.9848,0.52437,0.02589,2.2854,0.0155021,42.57,,0.0,7.584,0.0,laminar
0.000243,0.01379,42779.0,0.51697,85.1945,0.68744,0.02686,2.2505,0.0120153,57.44,,0.0,7.584,0.0,laminar
0.000745,0.017357,53848.0,0.2919,102.2594,0.82514,0.02855,2.3251,0.008631,72.65,,0.0,7.584,0.0,laminar
0.001539,0.021154,65625.0,0.08874,115.7386,0.93391,0.03042,2.3357,0.0071183,86.87,,0.0,7.584,0.0,laminar
0.002623,0.025247,78325.0,-0.07775,125.8607,1.01558,0.03292,2.3333,0.0061078,101.57,,0.0,7.584,0.0,laminar
0.003998,0.029694,92120.0,-0.20578,133.2104,1.07489,0.03616,2.3462,0.0051951,117.43,,0.0,7.584,0.0,laminar
0.005663,0.034536,107142.0,-0.30047,138.4449,1.11713,0.04036,2.4239,0.004063,135.68,,0.0,7.584,0.0,laminar
0.007616,0.039806,123489.0,-0.36904,142.1412,1.14695,0.04483,2.4494,0.0034559,154.27,,0.0,7.584,0.0,laminar
0.009856,0.045526,141236.0,-0.41827,144.75,1.168,0.04962,2.454,0.003054,173.51,,0.0,7.584,0.0,laminar
0.012383,0.051716,160438.0,-0.45363,146.6018,1.18295,0.05498,2.4932,0.0025878,194.42,,0.0,7.584,0.0,laminar
0.015194,0.058387,181135.0,-0.47922,147.9317,1.19368,0.06051,2.5177,0.0022578,215.69,,0.0,7.584,0.0,laminar
0.018288,0.06555,203355.0,-0.49805,148.9041,1.20152,0.06613,2.5275,0.0020275,237.09,,0.0,7.584,0.0,laminar
0.021663,0.073209,227118.0,-0.51224,149.6337,1.20741,0.07182,2.5297,0.0018535,258.57,,0.0,7.584,0.0,laminar
0.025317,0.08137,252436.0,-0.52328,150.2001,1.21198,0.07756,2.5307,0.0017084,280.16,,0.0,7.584,0.0,laminar
0.029249,0.090035,279317.0,-0.53225,150.6588,1.21568,0.08333,2.5327,0.0015817,301.81,,0.0,7.584,0.0,laminar
0.033455,0.099204,307762.0,-0.53989,151.0488,1.21883,0.08911,2.5353,0.0014708,323.45,,0.0,7.584,0.0,laminar
0.037934,0.108877,337769.0,-0.54673,151.3971,1.22164,0.09485,2.5376,0.0013746,344.99,,0.0301,7.584,0.0,laminar
0.042683,0.119051,369334.0,-0.55314,151.7229,1.22427,0.10055,2.539,0.0012919,366.39,,0.0751,7.584,0.0,laminar
0.047699,0.129725,402448.0,-0.55937,152.0393,1.22682,0.10617,2.5393,0.0012208,387.58,,0.1317,7.584,0.0,laminar
0.05298,0.140896,437102.0,-0.56561,152.3556,1.22937,0.11171,2.5384,0.0011595,408.54,,0.1991,7.584,0.0,laminar
0.058522,0.152558,473282.0,-0.57197,152.678,1.23198,0.11716,2.5365,0.0011064,429.27,,0.2744,7.584,0.0,laminar
0.064323,0.164707,510973.0,-0.57855,153.0105,1.23466,0.12252,2.5337,0.00106,449.74,,0.3366,7.584,0.0,laminar
0.070379,0.177339,550159.0,-0.58539,153.3556,1.23744,0.12778,2.5302,0.0010191,469.97,,0.4005,7.584,0.0,laminar
0.076686,0.190446,590823.0,-0.59252,153.7148,1.24034,0.13294,2.5262,0.0009828,489.95,,0.4569,7.584,0.0,laminar
0.083242,0.204023,632943.0,-0.59995,154.0885,1.24336,0.13801,2.5218,0.0009503,509.68,,0.5053,7.584,0.0,laminar
0.090042,0.218063,676500.0,-0.60768,154.4766,1.24649,0.14298,2.5171,0.0009209,529.19,,0.5458,7.584,0.0,laminar
0.097084,0.23256,721471.0,-0.6157,154.8785,1.24973,0.14786,2.5125,0.0008941,548.46,,0.5812,7.584,0.0,laminar
0.104362,0.247504,767833.0,-0.62399,155.2932,1.25308,0.15264,2.5078,0.0008695,567.52,,0.6044,7.584,0.0,laminar
0.111873,0.262888,815561.0,-0.63253,155.7195,1.25652,0.15734,2.5031,0.0008468,586.38,,0.6294,7.584,0.0,laminar
0.119612,0.278705,864629.0,-0.64128,156.1558,1.26004,0.16196,2.4986,0.0008256,605.05,,0.6439,7.584,0.0,laminar
0.127576,0.294945,915011.0,-0.65023,156.6004,1.26363,0.16651,2.4942,0.0008058,623.55,,0.656,7.584,0.0,laminar
0.13576,0.3116,966679.0,-0.65932,157.0516,1.26727,0.17098,2.4901,0.000787,641.89,,0.6575,7.584,0.0,laminar
0.144159,0.32866,1019604.0,-0.66853,157.5075,1.27095,0.17539,2.4864,0.0007692,660.07,,0.6607,7.584,0.0,laminar
0.152769,0.346116,1073758.0,-0.6778,157.9661,1.27465,0.17974,2.483,0.0007521,678.13,,0.6582,7.584,0.0,laminar
0.161585,0.363958,1129111.0,-0.68712,158.4253,1.27835,0.18404,2.4799,0.0007357,696.08,,0.6473,7.584,0.0,laminar
0.170602,0.382177,1185631.0,-0.69642,158.883,1.28204,0.18829,2.4772,0.0007199,713.93,,0.6406,7.584,0.0,laminar
0.179815,0.400762,1243288.0,-0.70566,159.3372,1.28571,0.19251,2.4749,0.0007045,731.7,,0.62,7.584,0.0,laminar
0.189218,0.419703,1302050.0,-0.71481,159.7856,1.28933,0.1967,2.4731,0.0006895,749.4,,0.5981,7.584,0.0,laminar
0.198807,0.43899,1361883.0,-0.72381,160.2262,1.29288,0.20086,2.4718,0.0006748,767.07,,0.5785,7.584,0.0,laminar
0.208576,0.458611,1422754.0,-0.73263,160.6567,1.29636,0.20501,2.471,0.0006604,784.7,,0.5604,7.584,0.0,laminar
0.218519,0.478557,1484631.0,-0.74121,161.0749,1.29973,0.20915,2.4707,0.0006461,802.33,,0.539,7.584,0.0,laminar
0.228631,0.498815,1547479.0,-0.74951,161.4789,1.30299,0.2133,2.4709,0.000632,819.96,,0.5274,7.584,0.0,laminar
0.238906,0.519375,1611262.0,-0.75749,161.8664,1.30612,0.21745,2.4718,0.000618,837.63,,0.523,7.584,0.0,laminar
0.249338,0.540226,1675947.0,-0.7651,162.2354,1.3091,0.22162,2.4732,0.000604,855.34,,0.5348,7.584,0.0,laminar
0.259922,0.561355,1741497.0,-0.77229,162.5838,1.31191,0.22582,2.4753,0.0005901,873.12,,0.5613,7.584,0.0,laminar
0.27065,0.582752,1807876.0,-0.77904,162.9098,1.31454,0.23005,2.478,0.0005762,890.99,,0.612,7.584,0.0,laminar
0.281518,0.604404,1875049.0,-0.78528,163.2113,1.31697,0.23432,2.4814,0.0005623,908.97,,0.6793,7.584,0.0,laminar
0.292518,0.626301,1942979.0,-0.79099,163.4865,1.31919,0.23865,2.4855,0.0005483,927.08,,0.762,7.584,0.0,laminar
0.303644,0.64843,2011629.0,-0.79612,163.7337,1.32119,0.24304,2.4903,0.0005342,945.34,,0.86,7.584,0.0,laminar
0.31489,0.670778,2080961.0,-0.80063,163.9512,1.32294,0.2475,2.4961,0.00052,963.77,,0.9745,7.584,0.0,laminar
0.326249,0.693335,2150938.0,-0.8045,164.1373,1.32444,0.25204,2.5027,0.0005057,982.4,,1.1084,7.584,0.0,laminar
0.337715,0.716087,2221523.0,-0.8077,164.2906,1.32568,0.25668,2.5102,0.0004913,1001.24,,1.2634,7.584,0.0,laminar
0.34928,0.739023,2292676.0,-0.81018,164.4098,1.32664,0.26141,2.5187,0.0004766,1020.33,,1.4337,7.584,0.0,laminar
0.360938,0.762129,2364360.0,-0.81192,164.4934,1.32732,0.26625,2.5284,0.0004618,1039.68,,1.628,7.584,0.0,laminar
0.372681,0.785394,2436536.0,-0.8129,164.5404,1.32769,0.27122,2.5391,0.0004468,1059.31,,1.8462,7.584,0.0,laminar
0.384503,0.808806,2509165.0,-0.81309,164.5497,1.32777,0.27631,2.5511,0.0004315,1079.27,,2.0878,7.584,0.0,laminar
0.396397,0.83235,2582208.0,-0.81248,164.5204,1.32753,0.28155,2.5647,0.0004159,1099.56,,2.3511,7.584,0.0,laminar
0.408355,0.856016,2655625.0,-0.81105,164.4517,1.32698,0.28694,2.5795,0.0004001,1120.23,,2.6354,7.584,0.0,laminar
0.420371,0.879789,2729377.0,-0.80878,164.3429,1.3261,0.2925,2.5964,0.0003838,1141.29,,2.9457,7.584,0.0,laminar
0.432436,0.903657,2803423.0,-0.80567,164.1934,1.3249,0.29824,2.615,0.0003673,1162.79,,3.2853,7.584,0.0,laminar
0.444544,0.927607,2877723.0,-0.80171,164.003,1.32336,0.30417,2.636,0.0003503,1184.75,,3.656,7.584,0.0,laminar
0.456686,0.951626,2952238.0,-0.7969,163.7712,1.32149,0.3103,2.6594,0.0003329,1207.2,,4.0525,7.584,0.0,laminar
0.468857,0.975701,3026926.0,-0.79122,163.498,1.31928,0.31666,2.6853,0.0003151,1230.2,,4.4905,7.584,0.0,laminar
0.481047,0.999818,3101746.0,-0.7847,163.1833,1.31674,0.32326,2.715,0.0002966,1253.77,,4.964,7.584,0.0,laminar
0.49325,1.023965,3176657.0,-0.77732,162.8271,1.31387,0.3301,2.7487,0.0002774,1277.97,,5.4923,7.584,0.0,laminar
0.505459,1.048128,3251618.0,-0.76911,162.4298,1.31066,0.33723,2.7874,0.0002575,1302.85,,6.0778,7.584,0.0,laminar
0.517664,1.072294,3326588.0,-0.76007,161.9916,1.30713,0.34464,2.8321,0.0002367,1328.46,,6.7409,7.584,0.0,laminar
0.52986,1.096449,3401524.0,-0.75021,161.5129,1.30327,0.35238,2.8844,0.0002148,1354.87,,7.4885,7.584,0.0,laminar
0.542038,1.12058,3476384.0,-0.73956,160.9944,1.29908,0.36046,2.9469,0.0001916,1378.05,,8.3401,7.584,0.0,transitional
0.554191,1.144672,3551128.0,-0.72812,160.4365,1.29458,0.36907,3.0161,0.0001818,1406.85,,0.0,7.584,0.00482,transitional
0.566311,1.168714,3625711.0,-0.71592,159.8401,1.28977,0.37909,3.0891,0.0002011,1440.47,,0.0,7.584,0.01908,transitional
0.578391,1.19269,3700093.0,-0.70299,159.2059,1.28465,0.39157,3.1765,0.0002463,1482.91,,0.0,7.584,0.04232,transitional
0.590423,1.216587,3774230.0,-0.68934,158.5348,1.27923,0.40752,3.3104,0.0003107,1537.78,,0.0,7.584,0.07379,transitional
0.6024,1.240392,3848080.0,-0.675,157.8277,1.27353,0.42789,3.7096,0.0003739,1608.55,,0.0,7.584,0.11253,transitional
0.614314,1.264091,3921600.0,-0.66001,157.0856,1.26754,0.45336,3.5942,0.0005144,1697.47,,0.0,7.584,0.15741,transitional
0.626158,1.287669,3994749.0,-0.64438,156.3096,1.26128,0.48421,3.4662,0.0006662,1805.35,,0.0,7.584,0.2072,transitional
0.637925,1.311114,4067482.0,-0.62814,155.5007,1.25475,0.5206,3.329,0.0008246,1932.44,,0.0,7.584,0.2606,transitional
0.649607,1.334412,4139757.0,-0.61134,154.6601,1.24797,0.56249,3.1858,0.0009854,2078.26,,0.0,7.584,0.31631,transitional
0.661198,1.357548,4211533.0,-0.59399,153.7888,1.24094,0.60968,3.0399,0.0011445,2241.73,,0.0,7.584,0.37312,transitional
0.672689,1.380509,4282765.0,-0.57613,152.8881,1.23367,0.66184,2.8944,0.0012985,2421.27,,0.0,7.584,0.42986,transitional
0.684075,1.403281,4353413.0,-0.55779,151.9591,1.22617,0.71855,2.7518,0.0014447,2614.97,,0.0,7.584,0.48554,transitional
0.695348,1.425852,4423433.0,-0.53899,151.0029,1.21846,0.77932,2.6144,0.0015807,2820.71,,0.0,7.584,0.5393,transitional
0.706501,1.448206,4492784.0,-0.51978,150.0207,1.21053,0.84363,2.484,0.0017048,3036.3,,0.0,7.584,0.59044,transitional
0.717528,1.470332,4561424.0,-0.50018,149.0137,1.20241,0.91098,2.3621,0.001816,3259.61,,0.0,7.584,0.63843,transitional
0.728421,1.492215,4629311.0,-0.48021,147.9829,1.19409,0.98088,2.2495,0.0019135,3488.65,,0.0,7.584,0.68292,transitional
0.739176,1.513841,4696404.0,-0.45992,146.9295,1.18559,1.05292,2.1468,0.0019973,3721.63,,0.0,7.584,0.72367,transitional
0.749784,1.535199,4762662.0,-0.43932,145.8545,1.17692,1.12672,2.0543,0.0020676,3957.06,,0.0,7.584,0.76061,transitional
0.76024,1.556275,4828046.0,-0.41844,144.759,1.16808,1.20201,1.972,0.0021247,4193.71,,0.0,7.584,0.79375,transitional
0.770538,1.577055,4892513.0,-0.39731,143.6438,1.15908,1.27856,1.8995,0.0021694,4430.66,,0.0,7.584,0.82322,transitional
0.780671,1.597528,4956026.0,-0.37596,142.51,1.14993,1.35625,1.8364,0.0022026,4667.27,,0.0,7.584,0.8492,transitional
0.790634,1.617681,5018545.0,-0.3544,141.3584,1.14064,1.43502,1.7821,0.0022252,4903.17,,0.0,7.584,0.87191,transitional
0.800421,1.6375,5080031.0,-0.33266,140.1897,1.13121,1.51488,1.7359,0.0022381,5138.24,,0.0,7.584,0.89163,transitional
0.810027,1.656974,5140447.0,-0.31077,139.0048,1.12165,1.59591,1.6971,0.0022423,5372.54,,0.0,7.584,0.90862,transitional
0.819445,1.676092,5199755.0,-0.28872,137.8042,1.11196,1.67822,1.665,0.0022387,5606.34,,0.0,7.584,0.92319,transitional
0.828671,1.69484,5257918.0,-0.26656,136.5886,1.10215,1.762,1.639,0.0022281,5840.03,,0.0,7.584,0.93559,transitional
0.837699,1.713208,5314900.0,-0.24428,135.3583,1.09222,1.84746,1.6183,0.0022113,6074.1,,0.0,7.584,0.94611,transitional
0.846525,1.731184,5370667.0,-0.22191,134.1138,1.08218,1.93486,1.6024,0.002189,6309.18,,0.0,7.584,0.95498,transitional
0.855143,1.748757,5425183.0,-0.19946,132.8555,1.07203,2.02448,1.5908,0.0021618,6545.92,,0.0,7.584,0.96243,transitional
0.863549,1.765915,5478415.0,-0.17693,131.5833,1.06176,2.11664,1.5829,0.00213,6785.07,,0.0,7.584,0.96868,transitional
0.871738,1.78265,5530330.0,-0.15434,130.2976,1.05139,2.21169,1.5784,0.0020941,7027.42,,0.0,7.584,0.97389,transitional
0.879706,1.798949,5580895.0,-0.13168,128.998,1.0409,2.31002,1.577,0.0020543,7273.82,,0.0,7.584,0.97823,transitional
0.887448,1.814803,5630080.0,-0.10897,127.6845,1.0303,2.41205,1.5784,0.0020109,7525.15,,0.0,7.584,0.98183,transitional
0.894961,1.830202,5677854.0,-0.08621,126.3567,1.01959,2.51823,1.5825,0.0019638,7782.37,,0.0,7.584,0.98482,transitional
0.90224,1.845138,5724187.0,-0.06339,125.0141,1.00875,2.62908,1.5891,0.0019131,8046.53,,0.0,7.584,0.9873,transitional
0.909281,1.859599,5769052.0,-0.04051,123.656,0.99779,2.74518,1.5982,0.0018587,8318.76,,0.0,7.584,0.98935,transitional
0.916081,1.873579,5812420.0,-0.01756,122.2815,0.9867,2.86717,1.6098,0.0018004,8600.3,,0.0,7.584,0.99104,turbulent
0.922637,1.887067,5854265.0,0.00547,120.8895,0.97547,2.9958,1.6196,0.0017505,8892.56,,0.0,7.584,0.99245,turbulent
0.928944,1.900056,5894561.0,0.02858,119.4786,0.96409,3.13184,1.6323,0.0016955,9196.92,,0.0,7.584,0.99361,turbulent
0.935,1.912538,5933283.0,0.0518,118.0471,0.95253,3.27625,1.6472,0.0016372,9515.1,,0.0,7.584,0.99457,turbulent
0.940801,1.924505,5970409.0,0.07514,116.593,0.9408,3.43016,1.6645,0.0015753,9849.1,,0.0,7.584,0.99537,turbulent
0.946346,1.93595,6005915.0,0.09863,115.1139,0.92887,3.59487,1.6848,0.0015093,10201.21,,0.0,7.584,0.99603,turbulent
0.951629,1.946866,6039780.0,0.12231,113.607,0.91671,3.77198,1.7084,0.0014385,10574.2,,0.0,7.584,0.99658,turbulent
0.956651,1.957246,6071983.0,0.1462,112.0689,0.9043,3.96341,1.7362,0.0013622,10971.4,,0.0,7.584,0.99704,turbulent
0.961407,1.967085,6102504.0,0.17034,110.4954,0.8916,4.17154,1.7693,0.0012791,11396.88,,0.0,7.584,0.99742,turbulent
0.965895,1.976375,6131326.0,0.19481,108.8816,0.87858,4.39934,1.8094,0.0011877,11855.79,,0.0,7.584,0.99774,turbulent
0.970113,1.985112,6158431.0,0.21964,107.2217,0.86518,4.65065,1.8592,0.0010859,12354.7,,0.0,7.584,0.998,turbulent
0.974059,1.99329,6183803.0,0.24493,105.5084,0.85136,4.93049,1.9234,0.0009703,12902.32,,0.0,7.584,0.99822,turbulent
0.977732,2.000905,6207426.0,0.27076,103.7329,0.83703,5.24574,2.0108,0.0008357,13510.66,,0.0,7.584,0.99841,turbulent
0.981129,2.007952,6229287.0,0.29725,101.884,0.82211,5.60626,2.1404,0.0006732,14197.27,,0.0,7.584,0.99857,turbulent
0.984248,2.014426,6249372.0,0.32454,99.9478,0.80649,6.02738,2.3677,0.0004649,14990.38,,0.0,7.584,0.9987,turbulent
0.987089,2.020324,6267669.0,0.35281,97.9062,0.79002,6.53726,2.8014,0.0002321,15944.77,,0.0,7.584,0.99881,turbulent
0.98965,2.025642,6284167.0,0.38229,95.7355,0.7725,7.19307,2.8013,0.0002276,17175.91,,0.0,7.584,0.9989,turbulent
0.991929,2.030377,6298857.0,0.41331,93.4033,0.75368,7.98249,2.8012,0.0002227,18619.96,,0.0,7.584,0.99898,turbulent
0.993925,2.034526,6311730.0,0.4463,90.8643,0.73319,8.95762,2.8012,0.0002175,20353.62,,0.0,7.584,0.99904,turbulent
0.995638,2.038088,6322778.0,0.48188,88.0516,0.7105,10.20894,2.8011,0.0002117,22510.98,,0.0,7.584,0.99909,turbulent
0.997067,2.041059,6331995.0,0.521,84.8608,0.68475,12.02134,2.801,0.0002046,25586.78,,0.0,7.584,0.99913,turbulent
0.998211,2.043437,6339374.0,0.56524,81.1136,0.65451,14.14616,2.801,0.0001982,28830.5,,0.0,7.584,0.99916,turbulent
0.99907,2.045223,6344913.0,0.61758,76.4629,0.61699,16.55069,2.801,0.0001929,31862.86,,0.0,7.584,0.99918,turbulent
0.999642,2.046414,6348608.0,0.6849,70.06,0.56532,19.05413,2.801,0.0001901,33699.53,,0.0,7.584,0.9992,turbulent
0.999928,2.047009,6350455.0,0.83264,53.5398,0.43202,21.09861,2.801,0.0001985,28679.96,,0.0,7.584,0.99921,turbulent
