x_c,y_camber,half_thickness,x_upper,y_upper,x_lower,y_lower
0.0,0.0,0.0,0.0,0.0,0.0,0.0
9.6e-05,5e-06,0.001381,3e-05,0.001384,0.000163,-0.001375
0.000385,1.9e-05,0.002762,0.000253,0.002777,0.000518,-0.00274
0.000867,4.2e-05,0.004144,0.000669,0.004181,0.001066,-0.004097
0.001541,7.4e-05,0.005527,0.001277,0.005594,0.001806,-0.005446
0.002408,0.000115,0.006911,0.002077,0.007018,0.002738,-0.006787
0.003466,0.000166,0.008297,0.003069,0.008453,0.003863,-0.008121
0.004715,0.000226,0.009684,0.004252,0.009899,0.005178,-0.009447
0.006156,0.000295,0.011074,0.005627,0.011357,0.006685,-0.010767
0.007787,0.000373,0.012467,0.007192,0.012825,0.008381,-0.01208
0.009607,0.00046,0.013862,0.008947,0.014306,0.010268,-0.013386
0.011617,0.000556,0.015259,0.010891,0.015798,0.012343,-0.014687
0.013815,0.00066,0.01666,0.013023,0.017301,0.014607,-0.015981
0.0162,0.000774,0.018063,0.015344,0.018817,0.017057,-0.01727
0.018772,0.000896,0.01947,0.017851,0.020344,0.019694,-0.018553
0.02153,0.001026,0.020879,0.020543,0.021882,0.022516,-0.01983
0.024472,0.001165,0.022292,0.023421,0.023432,0.025523,-0.021102
0.027597,0.001313,0.023707,0.026482,0.024993,0.028712,-0.022368
0.030904,0.001468,0.025124,0.029725,0.026565,0.032083,-0.023629
0.034393,0.001632,0.026544,0.03315,0.028147,0.035635,-0.024884
0.03806,0.001803,0.027967,0.036755,0.029739,0.039365,-0.026133
0.041906,0.001983,0.02939,0.040539,0.031341,0.043273,-0.027376
0.045928,0.00217,0.030815,0.0445,0.032952,0.047357,-0.028612
0.050126,0.002364,0.032241,0.048636,0.034571,0.051615,-0.029842
0.054497,0.002566,0.033667,0.052947,0.036197,0.056046,-0.031065
0.059039,0.002775,0.035092,0.057431,0.03783,0.060648,-0.032281
0.063752,0.002991,0.036517,0.062085,0.039469,0.065419,-0.033488
0.068633,0.003213,0.037939,0.066909,0.041113,0.070356,-0.034687
0.07368,0.003442,0.039359,0.071901,0.042761,0.075459,-0.035877
0.078891,0.003677,0.040776,0.077058,0.044412,0.080725,-0.037057
0.084265,0.003918,0.042188,0.082378,0.046064,0.086152,-0.038227
0.089799,0.004166,0.043594,0.087861,0.047717,0.091738,-0.039386
0.095492,0.004418,0.044994,0.093503,0.049368,0.09748,-0.040532
0.10134,0.004676,0.046387,0.099303,0.051018,0.103376,-0.041666
0.107342,0.004939,0.04777,0.105259,0.052664,0.109424,-0.042786
0.113495,0.005206,0.049144,0.111368,0.054304,0.115622,-0.043892
0.119797,0.005478,0.050506,0.117628,0.055938,0.121966,-0.044982
0.126246,0.005754,0.051856,0.124037,0.057564,0.128455,-0.046055
0.132839,0.006034,0.053192,0.130593,0.059179,0.135085,-0.047111
0.139573,0.006318,0.054513,0.137292,0.060783,0.141854,-0.048148
0.146447,0.006604,0.055817,0.144133,0.062373,0.14876,-0.049165
0.153456,0.006893,0.057103,0.151113,0.063948,0.155799,-0.050161
0.1606,0.007185,0.058369,0.15823,0.065506,0.162969,-0.051136
0.167874,0.007479,0.059614,0.165481,0.067045,0.170267,-0.052087
0.175276,0.007775,0.060837,0.172863,0.068563,0.177689,-0.053014
0.182803,0.008072,0.062035,0.180373,0.070059,0.185234,-0.053915
0.190453,0.00837,0.063207,0.188009,0.07153,0.192897,-0.05479
0.198222,0.008668,0.064352,0.195768,0.072974,0.200676,-0.055637
0.206107,0.008967,0.065468,0.203647,0.074389,0.208568,-0.056455
0.214106,0.009266,0.066554,0.211643,0.075774,0.216569,-0.057243
0.222215,0.009564,0.067608,0.219753,0.077127,0.224677,-0.058
0.230431,0.00986,0.068628,0.227974,0.078445,0.232888,-0.058724
0.238751,0.010156,0.069614,0.236302,0.079727,0.241199,-0.059415
0.247171,0.010449,0.070563,0.244736,0.08097,0.249607,-0.060071
0.255689,0.010741,0.071474,0.253271,0.082173,0.258108,-0.060692
0.264302,0.011029,0.072345,0.261905,0.083335,0.266699,-0.061276
0.273005,0.011315,0.073176,0.270633,0.084452,0.275376,-0.061823
0.281795,0.011597,0.073964,0.279453,0.085524,0.284138,-0.062331
0.29067,0.011874,0.07471,0.288362,0.086548,0.292979,-0.0628
0.299626,0.012148,0.07541,0.297355,0.087524,0.301896,-0.063228
0.308658,0.012416,0.076065,0.30643,0.088448,0.310886,-0.063616
0.317765,0.012679,0.076673,0.315583,0.089321,0.319947,-0.063962
0.326941,0.012937,0.077232,0.32481,0.090139,0.329073,-0.064266
0.336185,0.013188,0.077743,0.334108,0.090903,0.338262,-0.064527
0.345492,0.013432,0.078203,0.343473,0.09161,0.34751,-0.064745
0.354858,0.01367,0.078613,0.352902,0.092258,0.356813,-0.064919
0.36428,0.0139,0.078971,0.36239,0.092848,0.366169,-0.065049
0.373754,0.014122,0.079277,0.371935,0.093378,0.375574,-0.065134
0.383277,0.014336,0.079529,0.381532,0.093846,0.385023,-0.065174
0.392845,0.014541,0.079728,0.391177,0.094252,0.394514,-0.06517
0.402455,0.014737,0.079873,0.400867,0.094595,0.404043,-0.06512
0.412102,0.014924,0.079964,0.410597,0.094874,0.413607,-0.065026
0.421783,0.015101,0.08,0.420364,0.095088,0.423201,-0.064887
0.431494,0.015268,0.079981,0.430165,0.095238,0.432823,-0.064702
0.441231,0.015424,0.079907,0.439994,0.095322,0.442469,-0.064474
0.450991,0.01557,0.079778,0.449848,0.09534,0.452135,-0.064201
0.46077,0.015704,0.079595,0.459723,0.095292,0.461817,-0.063884
0.470565,0.015827,0.079356,0.469616,0.095178,0.471513,-0.063524
0.48037,0.015938,0.079064,0.479521,0.094997,0.481219,-0.063121
0.490183,0.016038,0.078717,0.489435,0.094751,0.490931,-0.062675
0.5,0.016125,0.078316,0.499354,0.094439,0.500646,-0.062189
0.509817,0.0162,0.077863,0.509274,0.09406,0.51036,-0.061661
0.51963,0.016262,0.077357,0.519191,0.093617,0.520069,-0.061093
0.529435,0.016311,0.076799,0.5291,0.093109,0.529771,-0.060487
0.53923,0.016347,0.07619,0.538998,0.092537,0.539461,-0.059842
0.549009,0.016371,0.075532,0.548881,0.091902,0.549136,-0.059161
0.558769,0.01638,0.074824,0.558744,0.091204,0.558793,-0.058444
0.568506,0.016377,0.074068,0.568584,0.090445,0.568428,-0.057691
0.578217,0.01636,0.073266,0.578397,0.089626,0.578038,-0.056906
0.587898,0.016329,0.072418,0.588177,0.088747,0.587619,-0.056088
0.597545,0.016285,0.071526,0.597923,0.08781,0.597168,-0.055239
0.607155,0.016228,0.07059,0.607628,0.086817,0.606681,-0.054361
0.616723,0.016157,0.069613,0.617291,0.085768,0.616155,-0.053454
0.626246,0.016072,0.068597,0.626905,0.084666,0.625586,-0.052521
0.63572,0.015974,0.067541,0.636469,0.083511,0.634972,-0.051563
0.645142,0.015863,0.066449,0.645977,0.082306,0.644308,-0.050581
0.654508,0.015738,0.065321,0.655426,0.081053,0.653591,-0.049577
0.663815,0.015601,0.06416,0.664812,0.079753,0.662818,-0.048552
0.673059,0.01545,0.062968,0.674131,0.078408,0.671986,-0.047509
0.682235,0.015287,0.061745,0.68338,0.077021,0.68109,-0.046448
0.691342,0.015111,0.060494,0.692555,0.075593,0.690128,-0.045371
0.700374,0.014923,0.059217,0.701652,0.074126,0.699097,-0.04428
0.70933,0.014723,0.057915,0.710667,0.072622,0.707993,-0.043177
0.718205,0.014511,0.056591,0.719597,0.071085,0.716812,-0.042062
0.726995,0.014288,0.055246,0.728439,0.069515,0.725552,-0.040939
0.735698,0.014054,0.053883,0.737188,0.067916,0.734209,-0.039808
0.744311,0.013809,0.052503,0.745842,0.06629,0.742779,-0.038671
0.752829,0.013555,0.051108,0.754397,0.064639,0.751261,-0.03753
0.761249,0.01329,0.049701,0.762849,0.062965,0.759649,-0.036385
0.769569,0.013015,0.048283,0.771196,0.061271,0.767942,-0.03524
0.777785,0.012732,0.046856,0.779435,0.05956,0.776136,-0.034095
0.785894,0.012441,0.045423,0.787561,0.057833,0.784227,-0.032952
0.793893,0.012141,0.043985,0.795572,0.056094,0.792213,-0.031812
0.801778,0.011834,0.042544,0.803466,0.054344,0.80009,-0.030677
0.809547,0.01152,0.041102,0.811238,0.052587,0.807856,-0.029548
0.817197,0.011199,0.039661,0.818886,0.050824,0.815507,-0.028426
0.824724,0.010873,0.038223,0.826407,0.049059,0.823041,-0.027314
0.832126,0.010541,0.03679,0.833799,0.047294,0.830453,-0.026211
0.8394,0.010205,0.035364,0.841058,0.04553,0.837742,-0.02512
0.846544,0.009865,0.033946,0.848183,0.043771,0.844904,-0.024042
0.853553,0.009521,0.032539,0.85517,0.04202,0.851937,-0.022978
0.860427,0.009174,0.031144,0.862016,0.040277,0.858837,-0.021929
0.867161,0.008826,0.029762,0.86872,0.038547,0.865602,-0.020895
0.873754,0.008475,0.028396,0.87528,0.03683,0.872229,-0.019879
0.880203,0.008124,0.027047,0.881691,0.03513,0.878715,-0.018881
0.886505,0.007773,0.025716,0.887953,0.033448,0.885057,-0.017903
0.892658,0.007422,0.024406,0.894064,0.031788,0.891253,-0.016944
0.89866,0.007072,0.023118,0.90002,0.03015,0.897301,-0.016006
0.904508,0.006724,0.021853,0.90582,0.028538,0.903197,-0.015089
0.910201,0.006378,0.020613,0.911462,0.026952,0.908939,-0.014196
0.915735,0.006036,0.019398,0.916945,0.025396,0.914525,-0.013325
0.921109,0.005697,0.018211,0.922265,0.023871,0.919952,-0.012478
0.92632,0.005362,0.017053,0.927422,0.02238,0.925218,-0.011655
0.931367,0.005033,0.015925,0.932413,0.020923,0.930321,-0.010857
0.936248,0.004709,0.014828,0.937237,0.019504,0.935259,-0.010085
0.940961,0.004392,0.013763,0.941893,0.018123,0.940029,-0.009339
0.945503,0.004081,0.012731,0.946378,0.016782,0.944629,-0.00862
0.949874,0.003778,0.011734,0.950691,0.015483,0.949057,-0.007927
0.954072,0.003483,0.010772,0.954832,0.014228,0.953312,-0.007262
0.958094,0.003197,0.009846,0.958797,0.013018,0.957391,-0.006625
0.96194,0.00292,0.008958,0.962587,0.011854,0.961292,-0.006015
0.965607,0.002652,0.008108,0.9662,0.010739,0.965015,-0.005434
0.969096,0.002395,0.007297,0.969635,0.009672,0.968557,-0.004881
0.972403,0.002149,0.006525,0.97289,0.008656,0.971916,-0.004358
0.975528,0.001914,0.005794,0.975964,0.007692,0.975092,-0.003863
0.97847,0.001691,0.005104,0.978858,0.00678,0.978083,-0.003397
0.981228,0.001481,0.004455,0.981569,0.005923,0.980887,-0.002961
0.9838,0.001282,0.003849,0.984096,0.00512,0.983503,-0.002555
0.986185,0.001097,0.003285,0.98644,0.004373,0.98593,-0.002178
0.988383,0.000926,0.002765,0.988599,0.003682,0.988167,-0.001831
0.990393,0.000768,0.002288,0.990572,0.003049,0.990213,-0.001514
0.992213,0.000624,0.001856,0.99236,0.002474,0.992067,-0.001226
0.993844,0.000494,0.001468,0.993961,0.001958,0.993728,-0.000969
0.995285,0.000379,0.001125,0.995374,0.001501,0.995195,-0.000742
0.996534,0.000279,0.000828,0.9966,0.001104,0.996468,-0.000546
0.997592,0.000194,0.000575,0.997638,0.000768,0.997546,-0.000379
0.998459,0.000125,0.000368,0.998488,0.000492,0.998429,-0.000243
0.999133,7e-05,0.000207,0.999149,0.000277,0.999116,-0.000136
0.999615,3.1e-05,9.2e-05,0.999622,0.000123,0.999607,-6.1e-05
0.999904,8e-06,2.3e-05,0.999905,3.1e-05,0.999902,-1.5e-05
1.0,0.0,0.0,1.0,0.0,1.0,0.0
